<?xml version="1.0" encoding="UTF-8"?>
<project-private xmlns="http://www.netbeans.org/ns/project-private/1">
    <editor-bookmarks xmlns="http://www.netbeans.org/ns/editor-bookmarks/2" lastBookmarkId="0"/>
    <open-files xmlns="http://www.netbeans.org/ns/projectui-open-files/2">
        <group>
            <file>file:/C:/Users/Usuario/Documents/NetBeansProjects/Proyecto/src/vista/VistaPlanos.java</file>
            <file>file:/C:/Users/Usuario/Documents/NetBeansProjects/Proyecto/src/vista/vistaJefe.java</file>
            <file>file:/C:/Users/Usuario/Documents/NetBeansProjects/Proyecto/src/vista/vistaGeneral.java</file>
            <file>file:/C:/Users/Usuario/Documents/NetBeansProjects/Proyecto/src/vista/vistaProyecto.java</file>
            <file>file:/C:/Users/Usuario/Documents/NetBeansProjects/Proyecto/src/vista/vistaFigura.java</file>
            <file>file:/C:/Users/Usuario/Documents/NetBeansProjects/Proyecto/src/vista/vistaPoligonos.java</file>
            <file>file:/C:/Users/Usuario/Documents/NetBeansProjects/Proyecto/src/vista/vistaLineas.java</file>
            <file>file:/C:/Users/Usuario/Documents/NetBeansProjects/Proyecto/src/controlador/ControladorProyecto.java</file>
        </group>
    </open-files>
</project-private>
